Alef-B				C:\WINDOWS\Fonts\Alef-Bold.ttf
Alef				C:\WINDOWS\Fonts\Alef-Regular.ttf
Amiri-B				C:\WINDOWS\Fonts\Amiri-Bold.ttf
Amiri-B-I			C:\WINDOWS\Fonts\Amiri-BoldSlanted.ttf
Amiri				C:\WINDOWS\Fonts\Amiri-Regular.ttf
Amiri-I				C:\WINDOWS\Fonts\Amiri-Slanted.ttf
Amiri Quran			C:\WINDOWS\Fonts\AmiriQuran.ttf
Arial				C:\WINDOWS\Fonts\arial.ttf
Arial-B				C:\WINDOWS\Fonts\arialbd.ttf
Arial-B-I			C:\WINDOWS\Fonts\arialbi.ttf
Arial-I				C:\WINDOWS\Fonts\ariali.ttf
Arial Black-B			C:\WINDOWS\Fonts\ariblk.ttf
Bahnschrift			C:\WINDOWS\Fonts\bahnschrift.ttf
Caladea Bold-B			C:\WINDOWS\Fonts\Caladea-Bold.ttf
Caladea-B			C:\WINDOWS\Fonts\Caladea-Bold.ttf
Caladea Bold-B-I		C:\WINDOWS\Fonts\Caladea-BoldItalic.ttf
Caladea-B-I			C:\WINDOWS\Fonts\Caladea-BoldItalic.ttf
Caladea Italic-I		C:\WINDOWS\Fonts\Caladea-Italic.ttf
Caladea-I			C:\WINDOWS\Fonts\Caladea-Italic.ttf
Caladea Regular			C:\WINDOWS\Fonts\Caladea-Regular.ttf
Caladea				C:\WINDOWS\Fonts\Caladea-Regular.ttf
Calibri				C:\WINDOWS\Fonts\calibri.ttf
Calibri-B			C:\WINDOWS\Fonts\calibrib.ttf
Calibri-I			C:\WINDOWS\Fonts\calibrii.ttf
Calibri Light			C:\WINDOWS\Fonts\calibril.ttf
Calibri Light-I			C:\WINDOWS\Fonts\calibrili.ttf
Calibri-B-I			C:\WINDOWS\Fonts\calibriz.ttf
Cambria				C:\WINDOWS\Fonts\cambria.ttc
Cambria Math			C:\WINDOWS\Fonts\cambria.ttc
Cambria-B			C:\WINDOWS\Fonts\cambriab.ttf
Cambria-I			C:\WINDOWS\Fonts\cambriai.ttf
Cambria-B-I			C:\WINDOWS\Fonts\cambriaz.ttf
Candara				C:\WINDOWS\Fonts\Candara.ttf
Candara-B			C:\WINDOWS\Fonts\Candarab.ttf
Candara-I			C:\WINDOWS\Fonts\Candarai.ttf
Candara Light			C:\WINDOWS\Fonts\Candaral.ttf
Candara Light-I			C:\WINDOWS\Fonts\Candarali.ttf
Candara-B-I			C:\WINDOWS\Fonts\Candaraz.ttf
Carlito-B			C:\WINDOWS\Fonts\Carlito-Bold.ttf
Carlito-B-I			C:\WINDOWS\Fonts\Carlito-BoldItalic.ttf
Carlito-I			C:\WINDOWS\Fonts\Carlito-Italic.ttf
Carlito				C:\WINDOWS\Fonts\Carlito-Regular.ttf
Cascadia Code			C:\WINDOWS\Fonts\CascadiaCode.ttf
Cascadia Mono			C:\WINDOWS\Fonts\CascadiaMono.ttf
Comic Sans MS			C:\WINDOWS\Fonts\comic.ttf
Comic Sans MS-B			C:\WINDOWS\Fonts\comicbd.ttf
Comic Sans MS-I			C:\WINDOWS\Fonts\comici.ttf
Comic Sans MS-B-I		C:\WINDOWS\Fonts\comicz.ttf
Consolas			C:\WINDOWS\Fonts\consola.ttf
Consolas-B			C:\WINDOWS\Fonts\consolab.ttf
Consolas-I			C:\WINDOWS\Fonts\consolai.ttf
Consolas-B-I			C:\WINDOWS\Fonts\consolaz.ttf
Constantia			C:\WINDOWS\Fonts\constan.ttf
Constantia-B			C:\WINDOWS\Fonts\constanb.ttf
Constantia-I			C:\WINDOWS\Fonts\constani.ttf
Constantia-B-I			C:\WINDOWS\Fonts\constanz.ttf
Corbel				C:\WINDOWS\Fonts\corbel.ttf
Corbel-B			C:\WINDOWS\Fonts\corbelb.ttf
Corbel-I			C:\WINDOWS\Fonts\corbeli.ttf
Corbel Light			C:\WINDOWS\Fonts\corbell.ttf
Corbel Light-I			C:\WINDOWS\Fonts\corbelli.ttf
Corbel-B-I			C:\WINDOWS\Fonts\corbelz.ttf
Courier New			C:\WINDOWS\Fonts\cour.ttf
Courier New-B			C:\WINDOWS\Fonts\courbd.ttf
Courier New-B-I			C:\WINDOWS\Fonts\courbi.ttf
Courier New-I			C:\WINDOWS\Fonts\couri.ttf
David CLM-B			C:\WINDOWS\Fonts\DavidCLM-Bold.otf
David CLM-B-I			C:\WINDOWS\Fonts\DavidCLM-BoldItalic.otf
David CLM			C:\WINDOWS\Fonts\DavidCLM-Medium.otf
David CLM-I			C:\WINDOWS\Fonts\DavidCLM-MediumItalic.otf
David Libre-B			C:\WINDOWS\Fonts\DavidLibre-Bold.ttf
David Libre			C:\WINDOWS\Fonts\DavidLibre-Regular.ttf
DejaVu Math TeX Gyre Regular	C:\WINDOWS\Fonts\DejaVuMathTeXGyre.ttf
DejaVu Math TeX Gyre		C:\WINDOWS\Fonts\DejaVuMathTeXGyre.ttf
DejaVu Sans Bold-B		C:\WINDOWS\Fonts\DejaVuSans-Bold.ttf
DejaVu Sans-B			C:\WINDOWS\Fonts\DejaVuSans-Bold.ttf
DejaVu Sans Bold-B-I		C:\WINDOWS\Fonts\DejaVuSans-BoldOblique.ttf
DejaVu Sans-B-I			C:\WINDOWS\Fonts\DejaVuSans-BoldOblique.ttf
DejaVu Sans ExtraLight		C:\WINDOWS\Fonts\DejaVuSans-ExtraLight.ttf
DejaVu Sans Light		C:\WINDOWS\Fonts\DejaVuSans-ExtraLight.ttf
DejaVu Sans Oblique-I		C:\WINDOWS\Fonts\DejaVuSans-Oblique.ttf
DejaVu Sans-I			C:\WINDOWS\Fonts\DejaVuSans-Oblique.ttf
DejaVu Sans Book		C:\WINDOWS\Fonts\DejaVuSans.ttf
DejaVu Sans			C:\WINDOWS\Fonts\DejaVuSans.ttf
DejaVu Sans Condensed-B		C:\WINDOWS\Fonts\DejaVuSansCondensed-Bold.ttf
DejaVu Sans Condensed-B-I	C:\WINDOWS\Fonts\DejaVuSansCondensed-BoldOblique.ttf
DejaVu Sans Condensed-I		C:\WINDOWS\Fonts\DejaVuSansCondensed-Oblique.ttf
DejaVu Sans Condensed		C:\WINDOWS\Fonts\DejaVuSansCondensed.ttf
DejaVu Sans Mono-B		C:\WINDOWS\Fonts\DejaVuSansMono-Bold.ttf
DejaVu Sans Mono-B-I		C:\WINDOWS\Fonts\DejaVuSansMono-BoldOblique.ttf
DejaVu Sans Mono-I		C:\WINDOWS\Fonts\DejaVuSansMono-Oblique.ttf
DejaVu Sans Mono		C:\WINDOWS\Fonts\DejaVuSansMono.ttf
DejaVu Serif Bold-B		C:\WINDOWS\Fonts\DejaVuSerif-Bold.ttf
DejaVu Serif-B			C:\WINDOWS\Fonts\DejaVuSerif-Bold.ttf
DejaVu Serif Bold-B-I		C:\WINDOWS\Fonts\DejaVuSerif-BoldItalic.ttf
DejaVu Serif-B-I		C:\WINDOWS\Fonts\DejaVuSerif-BoldItalic.ttf
DejaVu Serif Italic-I		C:\WINDOWS\Fonts\DejaVuSerif-Italic.ttf
DejaVu Serif-I			C:\WINDOWS\Fonts\DejaVuSerif-Italic.ttf
DejaVu Serif Book		C:\WINDOWS\Fonts\DejaVuSerif.ttf
DejaVu Serif			C:\WINDOWS\Fonts\DejaVuSerif.ttf
DejaVu Serif Condensed-B	C:\WINDOWS\Fonts\DejaVuSerifCondensed-Bold.ttf
DejaVu Serif Condensed-B-I	C:\WINDOWS\Fonts\DejaVuSerifCondensed-BoldItalic.ttf
DejaVu Serif Condensed-I	C:\WINDOWS\Fonts\DejaVuSerifCondensed-Italic.ttf
DejaVu Serif Condensed		C:\WINDOWS\Fonts\DejaVuSerifCondensed.ttf
Ebrima				C:\WINDOWS\Fonts\ebrima.ttf
Ebrima-B			C:\WINDOWS\Fonts\ebrimabd.ttf
EmojiOne Color			C:\WINDOWS\Fonts\EmojiOneColor-SVGinOT.ttf
Franklin Gothic Medium		C:\WINDOWS\Fonts\framd.ttf
Franklin Gothic Medium-I	C:\WINDOWS\Fonts\framdit.ttf
Frank Ruehl CLM-B		C:\WINDOWS\Fonts\FrankRuehlCLM-Bold.ttf
Frank Ruehl CLM-B-I		C:\WINDOWS\Fonts\FrankRuehlCLM-BoldOblique.ttf
Frank Ruehl CLM			C:\WINDOWS\Fonts\FrankRuehlCLM-Medium.ttf
Frank Ruehl CLM-I		C:\WINDOWS\Fonts\FrankRuehlCLM-MediumOblique.ttf
Frank Ruhl Hofshi-B		C:\WINDOWS\Fonts\FrankRuhlHofshi-Bold.otf
Frank Ruhl Hofshi		C:\WINDOWS\Fonts\FrankRuhlHofshi-Regular.otf
Gabriola			C:\WINDOWS\Fonts\Gabriola.ttf
Gadugi				C:\WINDOWS\Fonts\gadugi.ttf
Gadugi-B			C:\WINDOWS\Fonts\gadugib.ttf
Gentium Basic-B			C:\WINDOWS\Fonts\GenBasB.ttf
Gentium Basic-B-I		C:\WINDOWS\Fonts\GenBasBI.ttf
Gentium Basic-I			C:\WINDOWS\Fonts\GenBasI.ttf
Gentium Basic			C:\WINDOWS\Fonts\GenBasR.ttf
Gentium Book Basic-B		C:\WINDOWS\Fonts\GenBkBasB.ttf
Gentium Book Basic-B-I		C:\WINDOWS\Fonts\GenBkBasBI.ttf
Gentium Book Basic-I		C:\WINDOWS\Fonts\GenBkBasI.ttf
Gentium Book Basic		C:\WINDOWS\Fonts\GenBkBasR.ttf
Georgia				C:\WINDOWS\Fonts\georgia.ttf
Georgia-B			C:\WINDOWS\Fonts\georgiab.ttf
Georgia-I			C:\WINDOWS\Fonts\georgiai.ttf
Georgia-B-I			C:\WINDOWS\Fonts\georgiaz.ttf
Microsoft Himalaya		C:\WINDOWS\Fonts\himalaya.ttf
HoloLens MDL2 Assets		C:\WINDOWS\Fonts\holomdl2.ttf
Impact				C:\WINDOWS\Fonts\impact.ttf
Ink Free			C:\WINDOWS\Fonts\Inkfree.ttf
Javanese Text			C:\WINDOWS\Fonts\javatext.ttf
KacstBook Medium		C:\WINDOWS\Fonts\KacstBook.ttf
KacstBook			C:\WINDOWS\Fonts\KacstBook.ttf
KacstOffice Medium		C:\WINDOWS\Fonts\KacstOffice.ttf
KacstOffice			C:\WINDOWS\Fonts\KacstOffice.ttf
Leelawadee UI-B			C:\WINDOWS\Fonts\LeelaUIb.ttf
Leelawadee UI			C:\WINDOWS\Fonts\LeelawUI.ttf
Leelawadee UI Semilight		C:\WINDOWS\Fonts\LeelUIsl.ttf
Liberation Mono-B		C:\WINDOWS\Fonts\LiberationMono-Bold.ttf
Liberation Mono-B-I		C:\WINDOWS\Fonts\LiberationMono-BoldItalic.ttf
Liberation Mono-I		C:\WINDOWS\Fonts\LiberationMono-Italic.ttf
Liberation Mono			C:\WINDOWS\Fonts\LiberationMono-Regular.ttf
Liberation Sans-B		C:\WINDOWS\Fonts\LiberationSans-Bold.ttf
Liberation Sans-B-I		C:\WINDOWS\Fonts\LiberationSans-BoldItalic.ttf
Liberation Sans-I		C:\WINDOWS\Fonts\LiberationSans-Italic.ttf
Liberation Sans			C:\WINDOWS\Fonts\LiberationSans-Regular.ttf
Liberation Sans Narrow-B	C:\WINDOWS\Fonts\LiberationSansNarrow-Bold.ttf
Liberation Sans Narrow-B-I	C:\WINDOWS\Fonts\LiberationSansNarrow-BoldItalic.ttf
Liberation Sans Narrow-I	C:\WINDOWS\Fonts\LiberationSansNarrow-Italic.ttf
Liberation Sans Narrow		C:\WINDOWS\Fonts\LiberationSansNarrow-Regular.ttf
Liberation Serif-B		C:\WINDOWS\Fonts\LiberationSerif-Bold.ttf
Liberation Serif-B-I		C:\WINDOWS\Fonts\LiberationSerif-BoldItalic.ttf
Liberation Serif-I		C:\WINDOWS\Fonts\LiberationSerif-Italic.ttf
Liberation Serif		C:\WINDOWS\Fonts\LiberationSerif-Regular.ttf
Linux Biolinum G-B		C:\WINDOWS\Fonts\LinBiolinum_RB_G.ttf
Linux Biolinum G-I		C:\WINDOWS\Fonts\LinBiolinum_RI_G.ttf
Linux Biolinum G		C:\WINDOWS\Fonts\LinBiolinum_R_G.ttf
Linux Libertine Display G	C:\WINDOWS\Fonts\LinLibertine_DR_G.ttf
Linux Libertine G-B-I		C:\WINDOWS\Fonts\LinLibertine_RBI_G.ttf
Linux Libertine G-B		C:\WINDOWS\Fonts\LinLibertine_RB_G.ttf
Linux Libertine G-I		C:\WINDOWS\Fonts\LinLibertine_RI_G.ttf
Linux Libertine G		C:\WINDOWS\Fonts\LinLibertine_R_G.ttf
Lucida Console			C:\WINDOWS\Fonts\lucon.ttf
Lucida Sans Unicode		C:\WINDOWS\Fonts\l_10646.ttf
Malgun Gothic			C:\WINDOWS\Fonts\malgun.ttf
맑은 고딕				C:\WINDOWS\Fonts\malgun.ttf
Malgun Gothic-B			C:\WINDOWS\Fonts\malgunbd.ttf
맑은 고딕-B				C:\WINDOWS\Fonts\malgunbd.ttf
Malgun Gothic Semilight		C:\WINDOWS\Fonts\malgunsl.ttf
맑은 고딕 Semilight			C:\WINDOWS\Fonts\malgunsl.ttf
Marlett				C:\WINDOWS\Fonts\marlett.ttf
Microsoft Sans Serif		C:\WINDOWS\Fonts\micross.ttf
MingLiU-ExtB			C:\WINDOWS\Fonts\mingliub.ttc
細明體-ExtB			C:\WINDOWS\Fonts\mingliub.ttc
PMingLiU-ExtB			C:\WINDOWS\Fonts\mingliub.ttc
新細明體-ExtB			C:\WINDOWS\Fonts\mingliub.ttc
MingLiU_HKSCS-ExtB		C:\WINDOWS\Fonts\mingliub.ttc
細明體_HKSCS-ExtB			C:\WINDOWS\Fonts\mingliub.ttc
Miriam CLM-B			C:\WINDOWS\Fonts\MiriamCLM-Bold.ttf
מרים-B				C:\WINDOWS\Fonts\MiriamCLM-Bold.ttf
Miriam CLM			C:\WINDOWS\Fonts\MiriamCLM-Book.ttf
מרים				C:\WINDOWS\Fonts\MiriamCLM-Book.ttf
Miriam Libre-B			C:\WINDOWS\Fonts\MiriamLibre-Bold.otf
Miriam Libre			C:\WINDOWS\Fonts\MiriamLibre-Regular.otf
Miriam Mono CLM-B		C:\WINDOWS\Fonts\MiriamMonoCLM-Bold.ttf
Miriam Mono CLM-B-I		C:\WINDOWS\Fonts\MiriamMonoCLM-BoldOblique.ttf
Miriam Mono CLM			C:\WINDOWS\Fonts\MiriamMonoCLM-Book.ttf
Miriam Mono CLM-I		C:\WINDOWS\Fonts\MiriamMonoCLM-BookOblique.ttf
Myanmar Text			C:\WINDOWS\Fonts\mmrtext.ttf
Myanmar Text-B			C:\WINDOWS\Fonts\mmrtextb.ttf
Mongolian Baiti			C:\WINDOWS\Fonts\monbaiti.ttf
MS Gothic			C:\WINDOWS\Fonts\msgothic.ttc
ＭＳ ゴシック				C:\WINDOWS\Fonts\msgothic.ttc
MS UI Gothic			C:\WINDOWS\Fonts\msgothic.ttc
MS PGothic			C:\WINDOWS\Fonts\msgothic.ttc
ＭＳ Ｐゴシック			C:\WINDOWS\Fonts\msgothic.ttc
微軟正黑體				C:\WINDOWS\Fonts\msjh.ttc
Microsoft JhengHei		C:\WINDOWS\Fonts\msjh.ttc
Microsoft JhengHei UI		C:\WINDOWS\Fonts\msjh.ttc
微軟正黑體-B				C:\WINDOWS\Fonts\msjhbd.ttc
Microsoft JhengHei-B		C:\WINDOWS\Fonts\msjhbd.ttc
Microsoft JhengHei UI-B		C:\WINDOWS\Fonts\msjhbd.ttc
微軟正黑體 Light			C:\WINDOWS\Fonts\msjhl.ttc
Microsoft JhengHei Light	C:\WINDOWS\Fonts\msjhl.ttc
Microsoft JhengHei UI Light	C:\WINDOWS\Fonts\msjhl.ttc
Microsoft YaHei			C:\WINDOWS\Fonts\msyh.ttc
微软雅黑				C:\WINDOWS\Fonts\msyh.ttc
Microsoft YaHei UI		C:\WINDOWS\Fonts\msyh.ttc
Microsoft YaHei-B		C:\WINDOWS\Fonts\msyhbd.ttc
微软雅黑-B				C:\WINDOWS\Fonts\msyhbd.ttc
Microsoft YaHei UI-B		C:\WINDOWS\Fonts\msyhbd.ttc
Microsoft YaHei Light		C:\WINDOWS\Fonts\msyhl.ttc
微软雅黑 Light			C:\WINDOWS\Fonts\msyhl.ttc
Microsoft YaHei UI Light	C:\WINDOWS\Fonts\msyhl.ttc
Microsoft Yi Baiti		C:\WINDOWS\Fonts\msyi.ttf
MV Boli-I			C:\WINDOWS\Fonts\mvboli.ttf
Nachlieli CLM-B			C:\WINDOWS\Fonts\NachlieliCLM-Bold.otf
Nachlieli CLM-B-I		C:\WINDOWS\Fonts\NachlieliCLM-BoldOblique.otf
Nachlieli CLM			C:\WINDOWS\Fonts\NachlieliCLM-Light.otf
Nachlieli CLM-I			C:\WINDOWS\Fonts\NachlieliCLM-LightOblique.otf
Nirmala UI			C:\WINDOWS\Fonts\Nirmala.ttf
Nirmala UI-B			C:\WINDOWS\Fonts\NirmalaB.ttf
Nirmala UI Semilight		C:\WINDOWS\Fonts\NirmalaS.ttf
Noto Kufi Arabic-B		C:\WINDOWS\Fonts\NotoKufiArabic-Bold.ttf
Noto Kufi Arabic		C:\WINDOWS\Fonts\NotoKufiArabic-Regular.ttf
Noto Mono			C:\WINDOWS\Fonts\NotoMono-Regular.ttf
Noto Naskh Arabic-B		C:\WINDOWS\Fonts\NotoNaskhArabic-Bold.ttf
Noto Naskh Arabic		C:\WINDOWS\Fonts\NotoNaskhArabic-Regular.ttf
Noto Naskh Arabic UI-B		C:\WINDOWS\Fonts\NotoNaskhArabicUI-Bold.ttf
Noto Naskh Arabic UI		C:\WINDOWS\Fonts\NotoNaskhArabicUI-Regular.ttf
Noto Sans-B			C:\WINDOWS\Fonts\NotoSans-Bold.ttf
Noto Sans-B-I			C:\WINDOWS\Fonts\NotoSans-BoldItalic.ttf
Noto Sans Condensed		C:\WINDOWS\Fonts\NotoSans-Condensed.ttf
Noto Sans Cond			C:\WINDOWS\Fonts\NotoSans-Condensed.ttf
Noto Sans Condensed-B		C:\WINDOWS\Fonts\NotoSans-CondensedBold.ttf
Noto Sans Cond-B		C:\WINDOWS\Fonts\NotoSans-CondensedBold.ttf
Noto Sans Condensed-B-I		C:\WINDOWS\Fonts\NotoSans-CondensedBoldItalic.ttf
Noto Sans Cond-B-I		C:\WINDOWS\Fonts\NotoSans-CondensedBoldItalic.ttf
Noto Sans Condensed-I		C:\WINDOWS\Fonts\NotoSans-CondensedItalic.ttf
Noto Sans Cond-I		C:\WINDOWS\Fonts\NotoSans-CondensedItalic.ttf
Noto Sans-I			C:\WINDOWS\Fonts\NotoSans-Italic.ttf
Noto Sans Light			C:\WINDOWS\Fonts\NotoSans-Light.ttf
Noto Sans Light-I		C:\WINDOWS\Fonts\NotoSans-LightItalic.ttf
Noto Sans			C:\WINDOWS\Fonts\NotoSans-Regular.ttf
Noto Sans Arabic-B		C:\WINDOWS\Fonts\NotoSansArabic-Bold.ttf
Noto Sans Arabic		C:\WINDOWS\Fonts\NotoSansArabic-Regular.ttf
Noto Sans Arabic UI-B		C:\WINDOWS\Fonts\NotoSansArabicUI-Bold.ttf
Noto Sans Arabic UI		C:\WINDOWS\Fonts\NotoSansArabicUI-Regular.ttf
Noto Sans Armenian-B		C:\WINDOWS\Fonts\NotoSansArmenian-Bold.ttf
Noto Sans Armenian		C:\WINDOWS\Fonts\NotoSansArmenian-Regular.ttf
Noto Sans Georgian-B		C:\WINDOWS\Fonts\NotoSansGeorgian-Bold.ttf
Noto Sans Georgian		C:\WINDOWS\Fonts\NotoSansGeorgian-Regular.ttf
Noto Sans Hebrew-B		C:\WINDOWS\Fonts\NotoSansHebrew-Bold.ttf
Noto Sans Hebrew		C:\WINDOWS\Fonts\NotoSansHebrew-Regular.ttf
Noto Sans Lao-B			C:\WINDOWS\Fonts\NotoSansLao-Bold.ttf
Noto Sans Lao			C:\WINDOWS\Fonts\NotoSansLao-Regular.ttf
Noto Sans Lisu			C:\WINDOWS\Fonts\NotoSansLisu-Regular.ttf
Noto Serif-B			C:\WINDOWS\Fonts\NotoSerif-Bold.ttf
Noto Serif-B-I			C:\WINDOWS\Fonts\NotoSerif-BoldItalic.ttf
Noto Serif Condensed		C:\WINDOWS\Fonts\NotoSerif-Condensed.ttf
Noto Serif Cond			C:\WINDOWS\Fonts\NotoSerif-Condensed.ttf
Noto Serif Condensed-B		C:\WINDOWS\Fonts\NotoSerif-CondensedBold.ttf
Noto Serif Cond-B		C:\WINDOWS\Fonts\NotoSerif-CondensedBold.ttf
Noto Serif Condensed-B-I	C:\WINDOWS\Fonts\NotoSerif-CondensedBoldItalic.ttf
Noto Serif Cond-B-I		C:\WINDOWS\Fonts\NotoSerif-CondensedBoldItalic.ttf
Noto Serif Condensed-I		C:\WINDOWS\Fonts\NotoSerif-CondensedItalic.ttf
Noto Serif Cond-I		C:\WINDOWS\Fonts\NotoSerif-CondensedItalic.ttf
Noto Serif-I			C:\WINDOWS\Fonts\NotoSerif-Italic.ttf
Noto Serif Light		C:\WINDOWS\Fonts\NotoSerif-Light.ttf
Noto Serif Light-I		C:\WINDOWS\Fonts\NotoSerif-LightItalic.ttf
Noto Serif			C:\WINDOWS\Fonts\NotoSerif-Regular.ttf
Noto Serif Armenian-B		C:\WINDOWS\Fonts\NotoSerifArmenian-Bold.ttf
Noto Serif Armenian		C:\WINDOWS\Fonts\NotoSerifArmenian-Regular.ttf
Noto Serif Georgian-B		C:\WINDOWS\Fonts\NotoSerifGeorgian-Bold.ttf
Noto Serif Georgian		C:\WINDOWS\Fonts\NotoSerifGeorgian-Regular.ttf
Noto Serif Hebrew-B		C:\WINDOWS\Fonts\NotoSerifHebrew-Bold.ttf
Noto Serif Hebrew		C:\WINDOWS\Fonts\NotoSerifHebrew-Regular.ttf
Noto Serif Lao-B		C:\WINDOWS\Fonts\NotoSerifLao-Bold.ttf
Noto Serif Lao			C:\WINDOWS\Fonts\NotoSerifLao-Regular.ttf
Microsoft New Tai Lue		C:\WINDOWS\Fonts\ntailu.ttf
Microsoft New Tai Lue-B		C:\WINDOWS\Fonts\ntailub.ttf
OpenSymbol			C:\WINDOWS\Fonts\opens___.ttf
Palatino Linotype		C:\WINDOWS\Fonts\pala.ttf
Palatino Linotype-B		C:\WINDOWS\Fonts\palab.ttf
Palatino Linotype-B-I		C:\WINDOWS\Fonts\palabi.ttf
Palatino Linotype-I		C:\WINDOWS\Fonts\palai.ttf
Microsoft PhagsPa		C:\WINDOWS\Fonts\phagspa.ttf
Microsoft PhagsPa-B		C:\WINDOWS\Fonts\phagspab.ttf
Reem Kufi			C:\WINDOWS\Fonts\ReemKufi-Regular.ttf
Rubik-B				C:\WINDOWS\Fonts\Rubik-Bold.ttf
Rubik-B-I			C:\WINDOWS\Fonts\Rubik-BoldItalic.ttf
Rubik-I				C:\WINDOWS\Fonts\Rubik-Italic.ttf
Rubik				C:\WINDOWS\Fonts\Rubik-Regular.ttf
Scheherazade-B			C:\WINDOWS\Fonts\Scheherazade-Bold.ttf
Scheherazade			C:\WINDOWS\Fonts\Scheherazade-Regular.ttf
Segoe MDL2 Assets		C:\WINDOWS\Fonts\segmdl2.ttf
Segoe Print			C:\WINDOWS\Fonts\segoepr.ttf
Segoe Print-B			C:\WINDOWS\Fonts\segoeprb.ttf
Segoe Script			C:\WINDOWS\Fonts\segoesc.ttf
Segoe Script-B			C:\WINDOWS\Fonts\segoescb.ttf
Segoe UI			C:\WINDOWS\Fonts\segoeui.ttf
Segoe UI-B			C:\WINDOWS\Fonts\segoeuib.ttf
Segoe UI-I			C:\WINDOWS\Fonts\segoeuii.ttf
Segoe UI Light			C:\WINDOWS\Fonts\segoeuil.ttf
Segoe UI Semilight		C:\WINDOWS\Fonts\segoeuisl.ttf
Segoe UI-B-I			C:\WINDOWS\Fonts\segoeuiz.ttf
Segoe UI Black-B		C:\WINDOWS\Fonts\seguibl.ttf
Segoe UI Black-B-I		C:\WINDOWS\Fonts\seguibli.ttf
Segoe UI Emoji			C:\WINDOWS\Fonts\seguiemj.ttf
Segoe UI Historic		C:\WINDOWS\Fonts\seguihis.ttf
Segoe UI Light-I		C:\WINDOWS\Fonts\seguili.ttf
Segoe UI Semibold-B		C:\WINDOWS\Fonts\seguisb.ttf
Segoe UI Semibold-B-I		C:\WINDOWS\Fonts\seguisbi.ttf
Segoe UI Semilight-I		C:\WINDOWS\Fonts\seguisli.ttf
Segoe UI Symbol			C:\WINDOWS\Fonts\seguisym.ttf
SimSun				C:\WINDOWS\Fonts\simsun.ttc
宋体				C:\WINDOWS\Fonts\simsun.ttc
NSimSun				C:\WINDOWS\Fonts\simsun.ttc
新宋体				C:\WINDOWS\Fonts\simsun.ttc
SimSun-ExtB			C:\WINDOWS\Fonts\simsunb.ttf
Sitka Small			C:\WINDOWS\Fonts\Sitka.ttc
Sitka Text			C:\WINDOWS\Fonts\Sitka.ttc
Sitka Subheading		C:\WINDOWS\Fonts\Sitka.ttc
Sitka Heading			C:\WINDOWS\Fonts\Sitka.ttc
Sitka Display			C:\WINDOWS\Fonts\Sitka.ttc
Sitka Banner			C:\WINDOWS\Fonts\Sitka.ttc
Sitka Small-B			C:\WINDOWS\Fonts\SitkaB.ttc
Sitka Text-B			C:\WINDOWS\Fonts\SitkaB.ttc
Sitka Subheading-B		C:\WINDOWS\Fonts\SitkaB.ttc
Sitka Heading-B			C:\WINDOWS\Fonts\SitkaB.ttc
Sitka Display-B			C:\WINDOWS\Fonts\SitkaB.ttc
Sitka Banner-B			C:\WINDOWS\Fonts\SitkaB.ttc
Sitka Small-I			C:\WINDOWS\Fonts\SitkaI.ttc
Sitka Text-I			C:\WINDOWS\Fonts\SitkaI.ttc
Sitka Subheading-I		C:\WINDOWS\Fonts\SitkaI.ttc
Sitka Heading-I			C:\WINDOWS\Fonts\SitkaI.ttc
Sitka Display-I			C:\WINDOWS\Fonts\SitkaI.ttc
Sitka Banner-I			C:\WINDOWS\Fonts\SitkaI.ttc
Sitka Small-B-I			C:\WINDOWS\Fonts\SitkaZ.ttc
Sitka Text-B-I			C:\WINDOWS\Fonts\SitkaZ.ttc
Sitka Subheading-B-I		C:\WINDOWS\Fonts\SitkaZ.ttc
Sitka Heading-B-I		C:\WINDOWS\Fonts\SitkaZ.ttc
Sitka Display-B-I		C:\WINDOWS\Fonts\SitkaZ.ttc
Sitka Banner-B-I		C:\WINDOWS\Fonts\SitkaZ.ttc
Source Code Pro Black-B		C:\WINDOWS\Fonts\SourceCodePro-Black.ttf
Source Code Pro Black-B-I	C:\WINDOWS\Fonts\SourceCodePro-BlackIt.ttf
Source Code Pro-B		C:\WINDOWS\Fonts\SourceCodePro-Bold.ttf
Source Code Pro-B-I		C:\WINDOWS\Fonts\SourceCodePro-BoldIt.ttf
Source Code Pro ExtraLight	C:\WINDOWS\Fonts\SourceCodePro-ExtraLight.ttf
Source Code Pro ExtraLight-I	C:\WINDOWS\Fonts\SourceCodePro-ExtraLightIt.ttf
Source Code Pro-I		C:\WINDOWS\Fonts\SourceCodePro-It.ttf
Source Code Pro Light		C:\WINDOWS\Fonts\SourceCodePro-Light.ttf
Source Code Pro Light-I		C:\WINDOWS\Fonts\SourceCodePro-LightIt.ttf
Source Code Pro Medium		C:\WINDOWS\Fonts\SourceCodePro-Medium.ttf
Source Code Pro Medium-I	C:\WINDOWS\Fonts\SourceCodePro-MediumIt.ttf
Source Code Pro			C:\WINDOWS\Fonts\SourceCodePro-Regular.ttf
Source Code Pro Semibold-B	C:\WINDOWS\Fonts\SourceCodePro-Semibold.ttf
Source Code Pro Semibold-B-I	C:\WINDOWS\Fonts\SourceCodePro-SemiboldIt.ttf
Source Sans Pro Black-B		C:\WINDOWS\Fonts\SourceSansPro-Black.ttf
Source Sans Pro Black-B-I	C:\WINDOWS\Fonts\SourceSansPro-BlackIt.ttf
Source Sans Pro-B		C:\WINDOWS\Fonts\SourceSansPro-Bold.ttf
Source Sans Pro-B-I		C:\WINDOWS\Fonts\SourceSansPro-BoldIt.ttf
Source Sans Pro ExtraLight	C:\WINDOWS\Fonts\SourceSansPro-ExtraLight.ttf
Source Sans Pro ExtraLight-I	C:\WINDOWS\Fonts\SourceSansPro-ExtraLightIt.ttf
Source Sans Pro-I		C:\WINDOWS\Fonts\SourceSansPro-It.ttf
Source Sans Pro Light		C:\WINDOWS\Fonts\SourceSansPro-Light.ttf
Source Sans Pro Light-I		C:\WINDOWS\Fonts\SourceSansPro-LightIt.ttf
Source Sans Pro			C:\WINDOWS\Fonts\SourceSansPro-Regular.ttf
Source Sans Pro Semibold-B	C:\WINDOWS\Fonts\SourceSansPro-Semibold.ttf
Source Sans Pro Semibold-B-I	C:\WINDOWS\Fonts\SourceSansPro-SemiboldIt.ttf
Source Serif Pro Black-B	C:\WINDOWS\Fonts\SourceSerifPro-Black.ttf
Source Serif Pro Black-B-I	C:\WINDOWS\Fonts\SourceSerifPro-BlackIt.ttf
Source Serif Pro-B		C:\WINDOWS\Fonts\SourceSerifPro-Bold.ttf
Source Serif Pro-B-I		C:\WINDOWS\Fonts\SourceSerifPro-BoldIt.ttf
Source Serif Pro ExtraLight	C:\WINDOWS\Fonts\SourceSerifPro-ExtraLight.ttf
Source Serif Pro ExtraLight-I	C:\WINDOWS\Fonts\SourceSerifPro-ExtraLightIt.ttf
Source Serif Pro-I		C:\WINDOWS\Fonts\SourceSerifPro-It.ttf
Source Serif Pro Light		C:\WINDOWS\Fonts\SourceSerifPro-Light.ttf
Source Serif Pro Light-I	C:\WINDOWS\Fonts\SourceSerifPro-LightIt.ttf
Source Serif Pro		C:\WINDOWS\Fonts\SourceSerifPro-Regular.ttf
Source Serif Pro Semibold-B	C:\WINDOWS\Fonts\SourceSerifPro-Semibold.ttf
Source Serif Pro Semibold-B-I	C:\WINDOWS\Fonts\SourceSerifPro-SemiboldIt.ttf
Sylfaen				C:\WINDOWS\Fonts\sylfaen.ttf
Symbol				C:\WINDOWS\Fonts\symbol.ttf
Tahoma				C:\WINDOWS\Fonts\tahoma.ttf
Tahoma-B			C:\WINDOWS\Fonts\tahomabd.ttf
Microsoft Tai Le		C:\WINDOWS\Fonts\taile.ttf
Microsoft Tai Le-B		C:\WINDOWS\Fonts\taileb.ttf
Times New Roman			C:\WINDOWS\Fonts\times.ttf
Times New Roman-B		C:\WINDOWS\Fonts\timesbd.ttf
Times New Roman-B-I		C:\WINDOWS\Fonts\timesbi.ttf
Times New Roman-I		C:\WINDOWS\Fonts\timesi.ttf
Trebuchet MS			C:\WINDOWS\Fonts\trebuc.ttf
Trebuchet MS-B			C:\WINDOWS\Fonts\trebucbd.ttf
Trebuchet MS-B-I		C:\WINDOWS\Fonts\trebucbi.ttf
Trebuchet MS-I			C:\WINDOWS\Fonts\trebucit.ttf
Verdana				C:\WINDOWS\Fonts\verdana.ttf
Verdana-B			C:\WINDOWS\Fonts\verdanab.ttf
Verdana-I			C:\WINDOWS\Fonts\verdanai.ttf
Verdana-B-I			C:\WINDOWS\Fonts\verdanaz.ttf
Webdings			C:\WINDOWS\Fonts\webdings.ttf
Wingdings			C:\WINDOWS\Fonts\wingding.ttf
Yu Gothic-B			C:\WINDOWS\Fonts\YuGothB.ttc
游ゴシック-B				C:\WINDOWS\Fonts\YuGothB.ttc
Yu Gothic UI-B			C:\WINDOWS\Fonts\YuGothB.ttc
Yu Gothic UI Semibold-B		C:\WINDOWS\Fonts\YuGothB.ttc
Yu Gothic Light			C:\WINDOWS\Fonts\YuGothL.ttc
游ゴシック Light			C:\WINDOWS\Fonts\YuGothL.ttc
Yu Gothic UI Light		C:\WINDOWS\Fonts\YuGothL.ttc
Yu Gothic Medium		C:\WINDOWS\Fonts\YuGothM.ttc
游ゴシック Medium			C:\WINDOWS\Fonts\YuGothM.ttc
Yu Gothic UI			C:\WINDOWS\Fonts\YuGothM.ttc
Yu Gothic			C:\WINDOWS\Fonts\YuGothR.ttc
游ゴシック				C:\WINDOWS\Fonts\YuGothR.ttc
Yu Gothic UI Semilight		C:\WINDOWS\Fonts\YuGothR.ttc
